﻿<?xml version="1.0" encoding="utf-8"?>
<!--213 Motor Carrier Shipment Status Inquiry-->
<TransactionSpecification TransactionSetIdentifierCode="213" xmlns="http://tempuri.org/X12ParserSpecification.xsd">
  <Segment SegmentId="B11" />
  <Segment SegmentId="C3" />
  <Segment SegmentId="REF" />
  <Segment SegmentId="L10" />
  <Segment SegmentId="K2" Trailer="true" />
  <Loop LoopId="0100">
    <Name>Name</Name>
    <StartingSegment SegmentId="N1" />
    <Segment SegmentId="N2" />
    <Segment SegmentId="N3" />
    <Segment SegmentId="N4" />
    <Segment SegmentId="G61" />
    <Segment SegmentId="REF" />
  </Loop>
</TransactionSpecification>