﻿<?xml version="1.0" encoding="utf-8"?>
<!--288 Wage Determination-->
<TransactionSpecification TransactionSetIdentifierCode="288" xmlns="http://tempuri.org/X12ParserSpecification.xsd">
  <Segment SegmentId="BGN" Usage="Required" Repeat="1" />
  <Segment SegmentId="CRC" />
  <Segment SegmentId="NTE" />
  <Loop LoopId="N1">
    <Name>Name</Name>
    <StartingSegment SegmentId="N1" />
    <Segment SegmentId="N2" Repeat="2" />
    <Segment SegmentId="N3" Repeat="2" />
    <Segment SegmentId="N4" Repeat="1" />
    <Segment SegmentId="PER" />
    <Segment SegmentId="REF" />
  </Loop>
  <Loop LoopId="DTM">
    <Name>Date/Time Reference</Name>
    <StartingSegment SegmentId="DTM" />
    <Segment SegmentId="REF" />
    <Segment SegmentId="AMT" />
    <Segment SegmentId="QTY" />
  </Loop>
  <Loop LoopId="LM">
    <Name>Code Source Information</Name>
    <StartingSegment SegmentId="LM" />
    <Segment SegmentId="LQ" />
    <Segment SegmentId="NTE" />
  </Loop>
  <Loop LoopId="LX" LoopRepeat="">
    <Name>Assigned Number</Name>
    <StartingSegment SegmentId="LX" />
    <Segment SegmentId="DTM" />
    <Segment SegmentId="REF" />
    <Loop LoopId="N1">
      <Name>Name</Name>
      <StartingSegment SegmentId="N1" />
      <Segment SegmentId="N2" Repeat="2" />
      <Segment SegmentId="N3" Repeat="2" />
      <Segment SegmentId="N4" Repeat="1" />
    </Loop>
    <Loop LoopId="LM">
      <Name>Code Source Information</Name>
      <StartingSegment SegmentId="LM" />
      <Segment SegmentId="LQ" Usage="Required" />
      <Segment SegmentId="AMT" />
      <Segment SegmentId="QTY" />
      <Segment SegmentId="NTE" />
    </Loop>
  </Loop>
</TransactionSpecification>