﻿<?xml version="1.0" encoding="utf-8"?>
<!--322 Terminal Operations and Intermodal Ramp Activity-->
<TransactionSpecification TransactionSetIdentifierCode="322" xmlns="http://tempuri.org/X12ParserSpecification.xsd">
  <Segment SegmentId="ZC1" Repeat="1" />
  <Segment SegmentId="Q5" Usage="Required" Repeat="1" />
  <Loop LoopId="N7" LoopRepeat="1000">
    <Name>Equipment Details</Name>
    <StartingSegment SegmentId="N7" />
    <Segment SegmentId="V4" Repeat="1" />
    <Segment SegmentId="DTM" Repeat="2" />
    <Segment SegmentId="M7" Repeat="5" />
    <Segment SegmentId="W09" Repeat="1" />
    <Segment SegmentId="W2" Repeat="1" />
    <Segment SegmentId="NA" Repeat="30" />
    <Segment SegmentId="GR5" Repeat="10" />
    <Segment SegmentId="Y7" Repeat="1" />
    <Segment SegmentId="V1" Repeat="1" />
    <Loop LoopId="R4" LoopRepeat="20">
      <Name>Port or Terminal</Name>
      <StartingSegment SegmentId="R4" />
      <Segment SegmentId="DTM" Repeat="15" />
    </Loop>
    <Segment SegmentId="H3" Repeat="6" />
    <Loop LoopId="N1" LoopRepeat="10">
      <Name>Name</Name>
      <StartingSegment SegmentId="N1" />
      <Segment SegmentId="N3" Repeat="2" />
      <Segment SegmentId="N4" Repeat="1" />
    </Loop>
    <Segment SegmentId="K1" Repeat="2" />
    <Segment SegmentId="N9" Repeat="10" />
    <Loop LoopId="L0" LoopRepeat="999">
      <Name>Line Item - Quantity and Weight</Name>
      <StartingSegment SegmentId="L0" />
      <Segment SegmentId="L5" Repeat="1" />
      <Segment SegmentId="H1" Repeat="3" />
    </Loop>
    <Segment SegmentId="L3" Repeat="2" />
  </Loop>
</TransactionSpecification>