﻿<?xml version="1.0" encoding="utf-8"?>
<!-- 272 Property and Casualty Loss Notification  -->
<TransactionSpecification TransactionSetIdentifierCode="272" xmlns="http://tempuri.org/X12ParserSpecification.xsd">
  <Segment SegmentId="BGN"/>
  <Segment SegmentId="DTP"/>
  <Loop LoopId="1000">
    <Name>Extended Reference Information</Name>
    <StartingSegment SegmentId="N9"/>
    <Segment SegmentId="MSG"/>
  </Loop>
  <Loop LoopId="1100">
    <Name>Individual or Organizational Name</Name>
    <StartingSegment SegmentId="NM1"/>
    <Segment SegmentId="N2"/>
    <Segment SegmentId="N3"/>
    <Segment SegmentId="N4"/>
    <Segment SegmentId="N9"/>
    <Segment SegmentId="PER"/>
  </Loop>
  <Loop LoopId="2000">
    <Name>Loss Information Description</Name>
    <StartingSegment SegmentId="LID"/>
    <Segment SegmentId="LQ"/>
    <Segment SegmentId="DTP"/>
    <Segment SegmentId="BCI"/>
    <Segment SegmentId="SI"/>
    <Segment SegmentId="YNQ"/>
    <Loop LoopId="2100">
      <Name>Individual or Event Location</Name>
      <StartingSegment SegmentId="LIE"/>
      <Segment SegmentId="N3"/>
      <Segment SegmentId="N4"/>
    </Loop>
    <Loop LoopId="2200">
      <Name>Extended Reference Information</Name>
      <StartingSegment SegmentId="N9"/>
      <Segment SegmentId="MSG"/>
    </Loop>
    <Loop LoopId="2300">
      <Name>Paperwork</Name>
      <StartingSegment SegmentId="PWK"/>
      <Segment SegmentId="DTP"/>
      <Segment SegmentId="N9"/>
      <Segment SegmentId="N4"/>
      <Segment SegmentId="NM1"/>
      <Segment SegmentId="PER"/>
    </Loop>
    <Loop LoopId="LS">
      <Name></Name>
      <StartingSegment SegmentId="LS"/>
      <Segment SegmentId="LE" Trailer="true"/>
      <Loop LoopId="2400">
        <Name>Indifidual or Organizational Name</Name>
        <StartingSegment SegmentId="NM1"/>
        <Segment SegmentId="N2"/>
        <Segment SegmentId="N3"/>
        <Segment SegmentId="N4"/>
        <Segment SegmentId="N9"/>
        <Segment SegmentId="PER"/>
        <Loop LoopId="2410">
          <Name>Individual or Event Location</Name>
          <StartingSegment SegmentId="LIE"/>
          <Segment SegmentId="N3"/>
          <Segment SegmentId="N4"/>
        </Loop>
      </Loop>
    </Loop>
    <Loop LoopId="2500">
      <Name>Reference Informatin</Name>
      <StartingSegment SegmentId="REF"/>
      <Loop LoopId="2503">
        <Name></Name>
        <StartingSegment SegmentId="VEH"/>
        <Segment SegmentId="VAT"/>
        <Segment SegmentId="N9"/>
        <Segment SegmentId="DVI"/>
        <Segment SegmentId="VRC"/>
        <Segment SegmentId="DAM"/>
        <Loop LoopId="2510">
          <Name>Individual or Event Location</Name>
          <StartingSegment SegmentId="LIE"/>
          <Segment SegmentId="N3"/>
          <Segment SegmentId="N4"/>
          <Segment SegmentId="PER"/>
        </Loop>
      </Loop>
      <Loop LoopId="2515">
        <Name>Transaction Set Line Number</Name>
        <StartingSegment SegmentId="LX"/>
        <Segment SegmentId="PDR"/>
        <Segment SegmentId="PDP"/>
        <Segment SegmentId="K2"/>
        <Segment SegmentId="AMT"/>
        <Segment SegmentId="QTY"/>
        <Segment SegmentId="LIE"/>
        <Segment SegmentId="DTP"/>
        <Segment SegmentId="LIN"/>
        <Segment SegmentId="EM"/>
        <Segment SegmentId="SD1"/>
        <Segment SegmentId="PKD"/>
        <Segment SegmentId="K1"/>
        <Segment SegmentId="V1"/>
        <Segment SegmentId="R1"/>
        <Segment SegmentId="R4"/>
        <Loop LoopId="LS">
          <Name>Loop</Name>
          <StartingSegment SegmentId="LS"/>
          <Segment SegmentId="LE" Trailer="true"/>
          <Loop LoopId="2518">
            <Name>Administrative Message</Name>
            <StartingSegment SegmentId="K2"/>
            <Segment SegmentId="AMT"/>
            <Segment SegmentId="QTY"/>
            <Segment SegmentId="LIE"/>
          </Loop>
        </Loop>
        
      </Loop>
      <Loop LoopId="2520">
        <Name>Property or Entity Identification</Name>
        <StartingSegment SegmentId="NX1"/>
        <Segment SegmentId="NM1"/>
        <Segment SegmentId="N2"/>
        <Segment SegmentId="N3"/>
        <Segment SegmentId="N4"/>
        <Segment SegmentId="N9"/>
        <Segment SegmentId="PER"/>
        <Segment SegmentId="ICH"/>
        <Segment SegmentId="CRC"/>
        <Segment SegmentId="BCI"/>
        <Loop LoopId="2525">
          <Name>Industry Code Identification</Name>
          <StartingSegment SegmentId="LQ"/>
          <Segment SegmentId="DTP"/>
          <Segment SegmentId="AMT"/>
          <Segment SegmentId="PCT"/>
          <Segment SegmentId="QTY"/>
          <Loop LoopId="LS">
            <Name/>
            <StartingSegment SegmentId="LS"/>
            <Segment SegmentId="LE" Trailer="true"/>
            <Loop LoopId="2528">
              <Name/>
              <StartingSegment SegmentId="LQ"/>
              <Segment SegmentId="AMT"/>
              <Segment SegmentId="PCT"/>
              <Segment SegmentId="QTY"/>
            </Loop>
          </Loop>
        </Loop>
        <Loop LoopId="LS">
          <Name/>
          <StartingSegment SegmentId="LS"/>
          <Segment SegmentId="LE" Trailer="true"/>
          <Loop LoopId="2600">
            <Name/>
            <StartingSegment SegmentId="NM1"/>
            <Segment SegmentId="N2"/>
            <Segment SegmentId="N3"/>
            <Segment SegmentId="N4"/>
            <Segment SegmentId="N9"/>
            <Segment SegmentId="PER"/>
            <Segment SegmentId="ICH"/>
            <Segment SegmentId="CRC"/>
            <Segment SegmentId="BCI"/>
            <Loop LoopId="2610">
              <Name/>
              <StartingSegment SegmentId="III"/>
              <Segment SegmentId="DTP"/>
              <Segment SegmentId="AMT"/>
              <Segment SegmentId="PCT"/>
              <Segment SegmentId="QTY"/>
              <Loop LoopId="2615">
                <Name/>
                <StartingSegment SegmentId="LQ"/>
                <Segment SegmentId="AMT"/>
                <Segment SegmentId="PCT"/>
                <Segment SegmentId="QTY"/>
              </Loop>
            </Loop>
          </Loop>
        </Loop>
      </Loop>
      <Loop LoopId="2700">
        <Name>Previous Incident</Name>
        <StartingSegment SegmentId="PIN"/>
        <Segment SegmentId="BCI"/>
        <Segment SegmentId="N3"/>
        <Segment SegmentId="N4"/>
        <Loop LoopId="2710">
          <Name>Paperwork</Name>
          <StartingSegment SegmentId="PWK"/>
          <Segment SegmentId="DTP"/>
          <Segment SegmentId="N9"/>
          <Segment SegmentId="N4"/>
          <Segment SegmentId="NM1"/>
          <Segment SegmentId="PER"/>
        </Loop>
      </Loop>
    </Loop>
  </Loop>
</TransactionSpecification>