﻿<?xml version="1.0" encoding="utf-8"?>
<!--216 Motor Carrier Shipment Pick-up Notification-->
<TransactionSpecification TransactionSetIdentifierCode="216" xmlns="http://tempuri.org/X12ParserSpecification.xsd">
  <Segment SegmentId="PUN" Usage="Required" Repeat="1" />
  <Segment SegmentId="G61" Repeat="1" />
  <Segment SegmentId="TEM" Repeat="1" />
  <Loop LoopId="0100" LoopRepeat="2">
    <Name>Name</Name>
    <StartingSegment SegmentId="N1" />
    <Segment SegmentId="N2" Repeat="1" />
    <Segment SegmentId="N3" Repeat="2" />
    <Segment SegmentId="N4" Repeat="1" />
  </Loop>
</TransactionSpecification>