﻿<?xml version="1.0" encoding="utf-8"?>
<!--195 Federal Communications Commission (FCC) License Application-->
<TransactionSpecification TransactionSetIdentifierCode="195" xmlns="http://tempuri.org/X12ParserSpecification.xsd">
  <Segment SegmentId="BGN" Usage="Required" Repeat="1" />
  <Segment SegmentId="DTM" />
  <Segment SegmentId="QTY" />
  <Segment SegmentId="PWK" />
  <Loop LoopId="CRC">
    <Name>Conditions Indicator</Name>
    <StartingSegment SegmentId="CRC" />
    <Segment SegmentId="NTE" />
  </Loop>
  <Loop LoopId="AMT">
    <Name>Monetary Amount</Name>
    <StartingSegment SegmentId="AMT" />
    <Segment SegmentId="MSG" />
  </Loop>
  <Loop LoopId="N1">
    <Name>Name</Name>
    <StartingSegment SegmentId="N1" />
    <Segment SegmentId="N2" Repeat="3" />
    <Segment SegmentId="N3" Repeat="2" />
    <Segment SegmentId="N4" Repeat="1" />
    <Segment SegmentId="PER" Repeat="5" />
    <Segment SegmentId="QTY" />
    <Segment SegmentId="MEA" />
    <Segment SegmentId="NTE" />
    <Loop LoopId="REF">
      <Name>Reference Identification</Name>
      <StartingSegment SegmentId="REF" />
      <Segment SegmentId="DTM" />
      <Segment SegmentId="MSG" />
    </Loop>
    <Loop LoopId="CRC">
      <Name>Conditions Indicator</Name>
      <StartingSegment SegmentId="CRC" />
      <Segment SegmentId="REF" />
    </Loop>
    <Loop LoopId="LM">
      <Name>Code Source Information</Name>
      <StartingSegment SegmentId="LM" />
      <Segment SegmentId="LQ" Usage="Required" />
      <Segment SegmentId="QTY" />
      <Segment SegmentId="MSG" />
    </Loop>
  </Loop>
  <Loop LoopId="PO1">
    <Name>Baseline Item Data</Name>
    <StartingSegment SegmentId="PO1" />
    <Segment SegmentId="QTY" />
    <Loop LoopId="MEA">
      <Name>Measurements</Name>
      <StartingSegment SegmentId="MEA" />
      <Segment SegmentId="LIE" />
    </Loop>
    <Loop LoopId="REF">
      <Name>Reference Identification</Name>
      <StartingSegment SegmentId="REF" />
      <Segment SegmentId="LIE" />
    </Loop>
    <Loop LoopId="LM">
      <Name>Code Source Information</Name>
      <StartingSegment SegmentId="LM" />
      <Segment SegmentId="LQ" Usage="Required" />
      <Segment SegmentId="MEA" />
      <Segment SegmentId="MSG" />
    </Loop>
    <Loop LoopId="N1">
      <Name>Name</Name>
      <StartingSegment SegmentId="N1" />
      <Segment SegmentId="N2" Repeat="3" />
      <Segment SegmentId="N3" Repeat="2" />
      <Segment SegmentId="N4" Repeat="1" />
    </Loop>
    <Loop LoopId="CRC">
      <Name>Conditions Indicator</Name>
      <StartingSegment SegmentId="CRC" />
      <Segment SegmentId="REF" />
      <Segment SegmentId="DTM" />
    </Loop>
    <Loop LoopId="LM">
      <Name>Code Source Information</Name>
      <StartingSegment SegmentId="LM" />
      <Segment SegmentId="LQ" Usage="Required" />
    </Loop>
    <Loop LoopId="N1">
      <Name>Name</Name>
      <StartingSegment SegmentId="N1" />
      <Segment SegmentId="N2" Repeat="3" />
      <Segment SegmentId="N3" Repeat="2" />
      <Segment SegmentId="N4" Repeat="1" />
    </Loop>
  </Loop>
</TransactionSpecification>