﻿<?xml version="1.0" encoding="utf-8"?>
<!--434 Railroad Mark Register Update Activity-->
<TransactionSpecification TransactionSetIdentifierCode="434" xmlns="http://tempuri.org/X12ParserSpecification.xsd">
  <Segment SegmentId="BRR" Usage="Required" Repeat="1" />
  <Segment SegmentId="DTM" Usage="Required" Repeat="10" />
  <Loop LoopId="N1" LoopRepeat="25">
    <Name>Name</Name>
    <StartingSegment SegmentId="N1" />
    <Segment SegmentId="N2" Repeat="1" />
    <Segment SegmentId="N3" Repeat="2" />
    <Segment SegmentId="N4" Repeat="1" />
    <Segment SegmentId="PER" Repeat="1" />
  </Loop>
</TransactionSpecification>