﻿<?xml version="1.0" encoding="utf-8"?>
<!--263 Residential Mortgage Insurance Application Response-->
<TransactionSpecification TransactionSetIdentifierCode="263" xmlns="http://tempuri.org/X12ParserSpecification.xsd">
  <Segment SegmentId="BGN" Usage="Required" Repeat="1" />
  <Segment SegmentId="N1" Usage="Required" Repeat="2" />
  <Loop LoopId="LX" LoopRepeat="">
    <Name>Assigned Number</Name>
    <StartingSegment SegmentId="LX" />
    <Segment SegmentId="N1" Usage="Required" Repeat="1" />
    <Loop LoopId="REF">
      <Name>Reference Identification</Name>
      <StartingSegment SegmentId="REF" />
      <Segment SegmentId="N1" Usage="Required" Repeat="1" />
      <Segment SegmentId="MIR" Usage="Required" Repeat="1" />
      <Segment SegmentId="TXI" Repeat="5" />
      <Segment SegmentId="N9" Repeat="10" />
      <Loop LoopId="G63">
        <Name>Period</Name>
        <StartingSegment SegmentId="G63" />
        <Segment SegmentId="PCT" Repeat="1" />
      </Loop>
    </Loop>
  </Loop>
</TransactionSpecification>