﻿<?xml version="1.0" encoding="utf-8"?>
<!--211 Motor Carrier Bill of Lading-->
<TransactionSpecification TransactionSetIdentifierCode="211" xmlns="http://tempuri.org/X12ParserSpecification.xsd">
  <Segment SegmentId="BOL" />
  <Segment SegmentId="B2A" />
  <Segment SegmentId="MS3" />
  <Segment SegmentId="MS2" />
  <Segment SegmentId="L11" />
  <Segment SegmentId="G62" />
  <Segment SegmentId="AT5" />
  <Segment SegmentId="K1" />
  <Loop LoopId="0100">
    <Name>Name</Name>
    <StartingSegment SegmentId="N1" />
    <Segment SegmentId="N2" />
    <Segment SegmentId="N3" />
    <Segment SegmentId="N4" />
    <Segment SegmentId="G61" />
  </Loop>
  <Loop LoopId="0200">
    <Name>Bill of Lading Line Item Number</Name>
    <StartingSegment SegmentId="AT1" />
    <Segment SegmentId="L11" />
    <Segment SegmentId="AT3" />
    <Segment SegmentId="AT4" />
    <Loop LoopId="0210">
      <Name>Bill of Lading Line Item Detail</Name>
      <StartingSegment SegmentId="AT2" />
      <Segment SegmentId="MAN" />
      <Segment SegmentId="SPO" />
    </Loop>
    <Loop LoopId="0220">
      <Name>Assigned Number</Name>
      <StartingSegment SegmentId="LX" />
      <Segment SegmentId="MAN" />
      <Segment SegmentId="SPO" />
    </Loop>
    <Loop LoopId="0230">
      <Name>Contact</Name>
      <StartingSegment SegmentId="G61" />
      <Segment SegmentId="L11" />
      <Segment SegmentId="LH6" />
      <Loop LoopId="0231">
        <Name>Hazardous Identification Information</Name>
        <StartingSegment SegmentId="LH1" />
        <Segment SegmentId="LH2" />
        <Segment SegmentId="LH3" />
        <Segment SegmentId="LFH" />
        <Segment SegmentId="LEP" />
        <Segment SegmentId="LH4" />
        <Segment SegmentId="LHT" />
        <Segment SegmentId="L11" />
      </Loop>
    </Loop>
  </Loop>
</TransactionSpecification>