﻿<?xml version="1.0" encoding="utf-8"?>
<!--456 Railroad Equipment Inquiry or Advice-->
<TransactionSpecification TransactionSetIdentifierCode="456" xmlns="http://tempuri.org/X12ParserSpecification.xsd">
  <Segment SegmentId="EIA" Usage="Required" Repeat="1" />
  <Segment SegmentId="N8" Repeat="10" />
  <Loop LoopId="LX" LoopRepeat="500">
    <Name>Assigned Number</Name>
    <StartingSegment SegmentId="LX" />
    <Segment SegmentId="N7" Repeat="1" />
    <Segment SegmentId="H5" Repeat="1" />
    <Segment SegmentId="IC" Repeat="1" />
    <Segment SegmentId="F9" Repeat="1" />
    <Segment SegmentId="D9" Repeat="1" />
    <Segment SegmentId="N9" Repeat="99" />
    <Segment SegmentId="N1" />
    <Segment SegmentId="H3" Repeat="6" />
    <Segment SegmentId="L5" Repeat="15" />
    <Segment SegmentId="R2" Repeat="13" />
    <Segment SegmentId="VC" Repeat="21" />
    <Segment SegmentId="PI" Repeat="30" />
    <Loop LoopId="S1" LoopRepeat="12">
      <Name>Stop-off Name</Name>
      <StartingSegment SegmentId="S1" />
      <Segment SegmentId="S9" Repeat="1" />
    </Loop>
  </Loop>
  <Loop LoopId="IS1" LoopRepeat="1">
    <Name>Estimated Time of Arrival and Car Sched</Name>
    <StartingSegment SegmentId="IS1" />
    <Segment SegmentId="ISC" Repeat="99" />
    <Segment SegmentId="IS2" Usage="Required" Repeat="99" />
    <Segment SegmentId="N9" Usage="Required" Repeat="5" />
  </Loop>
  <Loop LoopId="ER" LoopRepeat="99">
    <Name>Rail Event Reporting</Name>
    <StartingSegment SegmentId="ER" />
    <Segment SegmentId="N4" Repeat="1" />
    <Segment SegmentId="NA" Repeat="1" />
    <Segment SegmentId="ES" Repeat="1" />
  </Loop>
</TransactionSpecification>