﻿<?xml version="1.0" encoding="utf-8"?>
<!--244 Product Source Information-->
<TransactionSpecification TransactionSetIdentifierCode="244" xmlns="http://tempuri.org/X12ParserSpecification.xsd">
  <Segment SegmentId="BGN" Usage="Required" Repeat="1" />
  <Loop LoopId="NM1">
    <Name>Individual or Organizational Name</Name>
    <StartingSegment SegmentId="NM1" />
    <Segment SegmentId="DTM" Usage="Required" Repeat="1" />
    <Loop LoopId="N1" LoopRepeat="">
      <Name>Name</Name>
      <StartingSegment SegmentId="N1" />
      <Segment SegmentId="N2" />
      <Loop LoopId="BSF">
        <Name>Business Function</Name>
        <StartingSegment SegmentId="BSF" />
        <Loop LoopId="NX2">
          <Name>Location ID Component</Name>
          <StartingSegment SegmentId="NX2" />
          <Segment SegmentId="COM" />
        </Loop>
        <Loop LoopId="PID">
          <Name>Product/Item Description</Name>
          <StartingSegment SegmentId="PID" />
          <Segment SegmentId="CID" Repeat="1" />
        </Loop>
      </Loop>
    </Loop>
  </Loop>
</TransactionSpecification>