﻿<?xml version="1.0" encoding="utf-8"?>
<!--265 Real Estate Title Insurance Services Order-->
<TransactionSpecification TransactionSetIdentifierCode="265" xmlns="http://tempuri.org/X12ParserSpecification.xsd">
  <Segment SegmentId="BGN" Usage="Required" Repeat="1" />
  <Loop LoopId="N1">
    <Name>Name</Name>
    <StartingSegment SegmentId="N1" />
    <Segment SegmentId="N2" Repeat="2" />
    <Segment SegmentId="N3" Repeat="2" />
    <Segment SegmentId="N4" Repeat="1" />
    <Segment SegmentId="REF" Repeat="12" />
    <Segment SegmentId="PER" Repeat="3" />
  </Loop>
  <Loop LoopId="LX">
    <Name>Assigned Number</Name>
    <StartingSegment SegmentId="LX" />
    <Segment SegmentId="REF" Usage="Required" Repeat="12" />
    <Segment SegmentId="PDS" Usage="Required" Repeat="20" />
    <Segment SegmentId="PDE" />
    <Segment SegmentId="NX1" Repeat="1" />
    <Segment SegmentId="NX2" Repeat="30" />
    <Segment SegmentId="PRD" Repeat="1" />
    <Segment SegmentId="LRQ" Repeat="1" />
    <Segment SegmentId="LN1" Repeat="1" />
    <Segment SegmentId="MSG" Repeat="100" />
    <Loop LoopId="IN1">
      <Name>Individual Identification</Name>
      <StartingSegment SegmentId="IN1" />
      <Segment SegmentId="IN2" Repeat="30" />
      <Segment SegmentId="DMG" Repeat="1" />
      <Segment SegmentId="FPT" Repeat="1" />
      <Loop LoopId="N4" LoopRepeat="">
        <Name>Geographic Location</Name>
        <StartingSegment SegmentId="N4" />
        <Segment SegmentId="N3" Repeat="2" />
        <Segment SegmentId="PER" Repeat="4" />
      </Loop>
    </Loop>
    <Loop LoopId="MCD">
      <Name>Mortgage Closing Data</Name>
      <StartingSegment SegmentId="MCD" />
      <Segment SegmentId="AMT" Repeat="50" />
    </Loop>
    <Loop LoopId="N1">
      <Name>Name</Name>
      <StartingSegment SegmentId="N1" />
      <Segment SegmentId="N2" Repeat="2" />
      <Segment SegmentId="N3" Repeat="2" />
      <Segment SegmentId="N4" Repeat="1" />
      <Segment SegmentId="REF" Repeat="12" />
      <Segment SegmentId="PER" Repeat="3" />
      <Segment SegmentId="AMT" Repeat="2" />
    </Loop>
    <Loop LoopId="TIS">
      <Name>Title Insurance Services</Name>
      <StartingSegment SegmentId="TIS" />
      <Segment SegmentId="AMT" Repeat="30" />
    </Loop>
    <Loop LoopId="PWK">
      <Name>Paperwork</Name>
      <StartingSegment SegmentId="PWK" />
      <Segment SegmentId="N1" Repeat="1" />
      <Segment SegmentId="N2" Repeat="2" />
      <Segment SegmentId="N3" Repeat="2" />
      <Segment SegmentId="N4" Repeat="1" />
      <Segment SegmentId="REF" Repeat="12" />
      <Segment SegmentId="PER" Repeat="3" />
    </Loop>
  </Loop>
  <Loop LoopId="LS">
    <Name>Loop Header</Name>
    <StartingSegment SegmentId="LS" />
    <Segment SegmentId="LE" Trailer="true" />
    <Loop LoopId="TIS">
      <Name>Title Insurance Services</Name>
      <StartingSegment SegmentId="TIS" />
      <Segment SegmentId="AMT" Repeat="30" />
      <Segment SegmentId="MSG" Repeat="100" />
    </Loop>
  </Loop>
</TransactionSpecification>