﻿<?xml version="1.0" encoding="utf-8"?>
<!--410 Rail Carrier Freight Details and Invoice-->
<TransactionSpecification TransactionSetIdentifierCode="410" xmlns="http://tempuri.org/X12ParserSpecification.xsd">
  <Segment SegmentId="B3B" Usage="Required" Repeat="1" />
  <Segment SegmentId="C4" Repeat="1" />
  <Segment SegmentId="N9" Repeat="30" />
  <Segment SegmentId="CM" Repeat="2" />
  <Segment SegmentId="NTE" Repeat="2" />
  <Loop LoopId="N7" LoopRepeat="500">
    <Name>Equipment Details</Name>
    <StartingSegment SegmentId="N7" />
    <Segment SegmentId="VC" Repeat="21" />
    <Segment SegmentId="G4" Repeat="1" />
    <Segment SegmentId="M7" Repeat="5" />
    <Segment SegmentId="N5" Repeat="1" />
    <Segment SegmentId="IC" Repeat="1" />
    <Segment SegmentId="IM" Repeat="1" />
    <Segment SegmentId="M12" Repeat="1" />
    <Segment SegmentId="GA" Repeat="15" />
  </Loop>
  <Segment SegmentId="N8" Usage="Required" Repeat="499" />
  <Segment SegmentId="F9" Usage="Required" Repeat="1" />
  <Segment SegmentId="D9" Usage="Required" Repeat="1" />
  <Loop LoopId="N1" LoopRepeat="10">
    <Name>Name</Name>
    <StartingSegment SegmentId="N1" />
    <Segment SegmentId="N2" Repeat="2" />
    <Segment SegmentId="N3" Repeat="2" />
    <Segment SegmentId="N4" Repeat="1" />
    <Segment SegmentId="PER" Repeat="2" />
    <Segment SegmentId="BL" Repeat="12" />
  </Loop>
  <Loop LoopId="S1" LoopRepeat="12">
    <Name>Stop-off Name</Name>
    <StartingSegment SegmentId="S1" />
    <Segment SegmentId="S2" Repeat="1" />
    <Segment SegmentId="S9" Repeat="1" />
  </Loop>
  <Segment SegmentId="R2" Repeat="13" />
  <Segment SegmentId="R9" Repeat="1" />
  <Segment SegmentId="PS" Repeat="5" />
  <Loop LoopId="LX" LoopRepeat="25">
    <Name>Assigned Number</Name>
    <StartingSegment SegmentId="LX" />
    <Segment SegmentId="L5" Usage="Required" Repeat="15" />
    <Loop LoopId="L0" LoopRepeat="25">
      <Name>Line Item - Quantity and Weight</Name>
      <StartingSegment SegmentId="L0" />
      <Segment SegmentId="MEA" Repeat="3" />
      <Segment SegmentId="L1" Usage="Required" Repeat="10" />
      <Segment SegmentId="DTM" Repeat="2" />
      <Segment SegmentId="PI" Repeat="30" />
    </Loop>
  </Loop>
  <Loop LoopId="T1" LoopRepeat="64">
    <Name>Transit Inbound Origin</Name>
    <StartingSegment SegmentId="T1" />
    <Segment SegmentId="T2" Repeat="30" />
    <Segment SegmentId="T3" Repeat="12" />
    <Segment SegmentId="T6" Repeat="1" />
    <Segment SegmentId="T8" Repeat="99" />
  </Loop>
  <Segment SegmentId="L3" Usage="Required" Repeat="1" />
  <Segment SegmentId="X7" Repeat="2" />
</TransactionSpecification>