﻿<?xml version="1.0" encoding="utf-8"?>
<!--147 Response to Request for Student Educational Record (Transcript)-->
<TransactionSpecification TransactionSetIdentifierCode="147" xmlns="http://tempuri.org/X12ParserSpecification.xsd">
  <Segment SegmentId="BGN" />
  <Segment SegmentId="AAA" />
  <Segment SegmentId="REF" />
  <Segment SegmentId="PWK" />
  <Segment SegmentId="NTE" />
  <Loop LoopId="N1">
    <Name>Name</Name>
    <StartingSegment SegmentId="N1" />
    <Segment SegmentId="N2" />
    <Segment SegmentId="N3" />
    <Segment SegmentId="N4" />
    <Segment SegmentId="PER" />
  </Loop>
  <Loop LoopId="IN1">
    <Name>Individual Identification</Name>
    <StartingSegment SegmentId="IN1" />
    <Segment SegmentId="IN2" />
  </Loop>
</TransactionSpecification>