﻿<?xml version="1.0" encoding="utf-8"?>
<!--149 Notice of Tax Adjustment or Assessment-->
<TransactionSpecification TransactionSetIdentifierCode="149" xmlns="http://tempuri.org/X12ParserSpecification.xsd">
  <Segment SegmentId="BGN" />
  <Segment SegmentId="DTM" />
  <Segment SegmentId="TDS" />
  <Segment SegmentId="REF" />
  <Segment SegmentId="MSG" />
  <Loop LoopId="N1">
    <Name>Name</Name>
    <StartingSegment SegmentId="N1" />
    <Segment SegmentId="N2" />
    <Segment SegmentId="IN2" />
    <Segment SegmentId="N3" />
    <Segment SegmentId="N4" />
    <Segment SegmentId="PER" />
  </Loop>
  <Loop LoopId="TFS">
    <Name>Tax Form</Name>
    <StartingSegment SegmentId="TFS" />
    <Segment SegmentId="REF" />
    <Segment SegmentId="DTM" />
    <Segment SegmentId="TIA" />
    <Loop LoopId="N1">
      <Name>Name</Name>
      <StartingSegment SegmentId="N1" />
      <Segment SegmentId="N2" />
      <Segment SegmentId="IN2" />
      <Segment SegmentId="N3" />
      <Segment SegmentId="N4" />
    </Loop>
    <Loop LoopId="FGS">
      <Name>Form Group</Name>
      <StartingSegment SegmentId="FGS" />
      <Segment SegmentId="REF" />
      <Segment SegmentId="DTM" />
      <Segment SegmentId="TIA" />
      <Segment SegmentId="MSG" />
      <Segment SegmentId="PCT" />
      <Loop LoopId="AMT">
        <Name>Monetary Amount</Name>
        <StartingSegment SegmentId="AMT" />
        <Segment SegmentId="DTM" />
      </Loop>
      <Loop LoopId="N1">
        <Name>Name</Name>
        <StartingSegment SegmentId="N1" />
        <Segment SegmentId="N2" />
        <Segment SegmentId="IN2" />
        <Segment SegmentId="N3" />
        <Segment SegmentId="N4" />
      </Loop>
    </Loop>
  </Loop>
</TransactionSpecification>